id,sex,age,employment,sou_inv,sou_busp,inv_obj,var_tol,var_act,net_inc,inv_ocu,sav_fud,exp_yr,vallilla_bond,convert_bond,fx,warrants_fut,complex_stru_prod,fuds_inv_der,complex_fud,inv_acu,ex_pro
1 ,1 ,4 ,4 ,0 ,0 ,4 ,3 ,3 ,5 ,5 ,5 ,2 ,0 ,0 ,0 ,1 ,0 ,0 ,0 ,3 ,3 
2 ,0 ,4 ,1 ,0 ,1 ,1 ,1 ,3 ,5 ,8 ,5 ,2 ,0 ,0 ,0 ,0 ,0 ,0 ,0 ,3 ,1 
3 ,1 ,4 ,3 ,1 ,0 ,4 ,3 ,4 ,2 ,3 ,5 ,3 ,1 ,1 ,1 ,1 ,1 ,1 ,1 ,1 ,5 
4 ,0 ,4 ,4 ,0 ,0 ,4 ,2 ,3 ,3 ,5 ,5 ,2 ,1 ,1 ,1 ,0 ,0 ,1 ,1 ,1 ,5 
5 ,0 ,3 ,4 ,1 ,0 ,3 ,4 ,2 ,3 ,3 ,5 ,2 ,1 ,1 ,1 ,0 ,1 ,0 ,1 ,1 ,5 
6 ,0 ,3 ,1 ,0 ,1 ,4 ,4 ,5 ,2 ,5 ,5 ,2 ,1 ,1 ,1 ,1 ,1 ,1 ,1 ,2 ,5 
7 ,0 ,3 ,4 ,1 ,0 ,4 ,3 ,4 ,2 ,4 ,4 ,2 ,0 ,0 ,0 ,0 ,0 ,0 ,0 ,1 ,3 
8 ,0 ,4 ,3 ,1 ,0 ,4 ,1 ,3 ,2 ,5 ,4 ,2 ,0 ,0 ,1 ,0 ,0 ,0 ,0 ,1 ,1 
9 ,1 ,2 ,1 ,0 ,1 ,1 ,2 ,2 ,2 ,3 ,4 ,3 ,0 ,0 ,0 ,0 ,0 ,0 ,0 ,1 ,3 
10 ,0 ,3 ,4 ,0 ,1 ,4 ,2 ,3 ,2 ,4 ,5 ,2 ,1 ,0 ,1 ,0 ,0 ,0 ,0 ,2 ,3 
11 ,0 ,2 ,4 ,1 ,0 ,4 ,5 ,5 ,4 ,4 ,5 ,2 ,1 ,1 ,1 ,1 ,1 ,1 ,1 ,1 ,5 
12 ,1 ,2 ,1 ,0 ,0 ,3 ,2 ,3 ,4 ,5 ,5 ,3 ,1 ,1 ,0 ,1 ,0 ,1 ,1 ,1 ,5 
13 ,0 ,4 ,7 ,1 ,0 ,3 ,3 ,3 ,3 ,3 ,5 ,2 ,0 ,0 ,0 ,0 ,0 ,0 ,0 ,2 ,3 
14 ,0 ,3 ,4 ,0 ,0 ,4 ,2 ,3 ,2 ,3 ,5 ,2 ,1 ,0 ,1 ,0 ,0 ,0 ,0 ,3 ,3 
15 ,0 ,4 ,1 ,1 ,0 ,5 ,5 ,5 ,5 ,4 ,5 ,4 ,1 ,1 ,1 ,1 ,1 ,1 ,1 ,3 ,5 