sex,age,employment,sou_sal,sou_inv,sou_busp,inv_obj,var_tol,var_act,net_inc,inv_ocu,sav_fud,exp_yr,inv_aco,ex_pro
1,4 ,4,1,0,0,4,3,3,5,5,5,2,3,4 
0,4 ,1,1,0,1,1,1,3,5,4,5,2,3,1 
1,4 ,3,1,1,0,4,3,4,2,3,5,3,1,5 
0,4 ,4,1,0,0,4,2,3,3,5,5,2,1,5 
0,3 ,4,1,1,0,3,4,2,3,3,5,2,1,5 
0,3 ,1,1,0,1,4,4,5,2,5,5,2,2,5 
0,3 ,4,1,1,0,4,3,4,2,4,4,2,1,3 
0,4 ,3,1,1,0,4,1,3,2,5,4,2,1,4 
1,2 ,1,0,0,1,1,2,2,2,3,4,3,1,4 
0,3 ,4,1,0,1,4,2,3,2,4,5,2,2,3 
0,2 ,4,1,1,0,4,5,5,4,4,5,2,1,5 
1,2 ,1,1,0,0,3,2,3,4,5,5,3,1,5 
0,4 ,7,1,1,0,3,3,3,3,3,5,2,2,3 
0,3 ,4,1,0,0,4,2,3,2,3,5,2,2,3 
0,4 ,1,1,1,0,5,5,5,5,4,5,4,3,5 